{
    "Cons": 0.3376846295551641,
    "Pac": 0.22500382644885716,
    "Jum": 0.2143870707379362,
    "Vis": 0.20295266162754516,
    "Det": 0.2024345333905219,
    "Cnt": 0.20154412072449215,
    "Bra": 0.199256430968067
}