{
    "Cmp": 0.31679704262602515,
    "Cons": 0.30001907035327685,
    "Imp M": 0.2984116972359835,
    "Ant": 0.27883280474863725,
    "Dec": 0.24462387856013215,
    "Det": 0.2326553195537519,
    "Prof": 0.22185942733871541,
    "Pas": 0.21157643293344777,
    "Cnt": 0.20792729143722857,
    "Nat": 0.19075867689196446,
    "Bal": 0.18698759550522623,
    "Sta": 0.1844303280169236,
    "OtB": 0.16713497497552374,
    "Jum": 0.16331175925696328,
    "Fir": 0.15575183179890298,
    "Str": 0.1483461210611214,
    "Amb": 0.11763501398959478,
    "Hea": 0.1148043260147161,
    "Tec": 0.11253661779782478,
    "Tea": 0.10516982489779544,
    "Vis": 0.10043188433184966,
    "Dri": 0.09344223885271748,
    "Ldr": 0.08297512311683637,
    "Pos": 0.08090380369400567,
    "Mar": 0.07629187735765905,
    "Wor": 0.07224189120862064,
    "1v1": 0.06982899340514975,
    "Ref": 0.06748996074713437,
    "Thr": 0.06658183247278926,
    "Agi": 0.05818789811497786,
    "L Th": 0.057008586855105965,
    "Lon": 0.05060528225099957,
    "Pen": 0.05023312329559384,
    "Cro": 0.047360514388790555,
    "Agg": 0.04300758125545227,
    "Fre": 0.04113224863166196,
    "Tck": 0.03679560105346986,
    "Vers": 0.03160107215871184,
    "Fla": 0.028407692538750754,
    "Pac": 0.021628934619225854,
    "Com": 0.008235620384994874,
    "Han": 0.007075812339626047,
    "Cont": 0.003278328508091046,
    "Bra": -0.002803850128286265,
    "Ecc": -0.021591553331078508,
    "Fin": -0.03221757964736536,
    "Acc": -0.034727936398929245,
    "Spor": -0.038354595695700024,
    "Aer": -0.09577426111121377,
    "Kic": -0.10105111320369506,
    "TRO": -0.10460668478376448,
    "Dirt": -0.10956527017841185,
    "Temp": -0.11579873246250727,
    "Cor": -0.11860137179895364,
    "Inj Pr": -0.12611178733484152,
    "Cmd": -0.1422515727266776,
    "Pun": -0.16354329616118196
}