{
    "Cons": 0.32770394941952524,
    "OtB": 0.24223398892729509,
    "Fir": 0.22633630748026135,
    "Cnt": 0.22357748339989478,
    "Pas": 0.2187286927614313,
    "Cmp": 0.21626998174976547,
    "Dri": 0.21218813544954576,
    "Ant": 0.2092108169663785,
    "Vis": 0.20893631508548274,
    "Pos": 0.20698253634819647,
    "Dec": 0.20305197379445736,
    "Pen": 0.19896412663232158,
    "Mar": 0.19319894356798953,
    "Bal": 0.1931496496842399,
    "Tec": 0.1919419360731169,
    "Tck": 0.191803790378628,
    "Cro": 0.1907852425283612,
    "Imp M": 0.18443986783668376,
    "Fre": 0.1826038422597688,
    "Agi": 0.1803119508676134,
    "L Th": 0.17256887474320648,
    "Lon": 0.1723961101074873,
    "Bra": 0.16497226632700066,
    "Sta": 0.16432739426864706,
    "Cor": 0.1613438691580693,
    "Fla": 0.15889003499861207,
    "Wor": 0.1546191361832017,
    "Fin": 0.1524153320258413,
    "Tea": 0.14956446269972087,
    "Vers": 0.14812566881175807,
    "Str": 0.13896146764587655,
    "Pac": 0.13462502386708097,
    "Amb": 0.12961863911661978,
    "Agg": 0.12904133172180057,
    "Hea": 0.1258330087646271,
    "Nat": 0.11308385987420366,
    "Ldr": 0.11295057305378639,
    "Det": 0.11027846917298752,
    "Spor": 0.10956537003475253,
    "Cont": 0.09668883155990227,
    "Prof": 0.07873597289105022
}