{
    "Acc": -0.11090422888859813,
    "Agi": -0.08776462715103518,
    "Bal": -0.048972202819116885,
    "Jum": -0.06254753708464413,
    "Nat": -0.02110320581814069,
    "Pac": -0.11753588524305669,
    "Sta": -0.09786104045276499,
    "Str": -0.04540629300097451,
    "Agg": 0.001972410583570034,
    "Ant": -0.09644076626413772,
    "Bra": -0.05537668025833518,
    "Cmp": -0.047105496156794935,
    "Cnt": -0.089592732579874,
    "Dec": -0.13330869846816487,
    "Det": -0.10126079659686368,
    "Fla": -0.07816389624441902,
    "Ldr": -0.034604332493177584,
    "OtB": -0.08976106215441489,
    "Pos": -0.04360068206569381,
    "Tea": -0.07668657484224477,
    "Vis": -0.06654410532275915,
    "Wor": -0.09456907489420188,
    "Cor": -0.038114764057839,
    "Cro": -0.05179652572321985,
    "Dri": -0.025901414917081908,
    "Fin": -0.0667781400901829,
    "Fir": -0.06263475975347481,
    "Fre": -0.015002327325009964,
    "Hea": -0.07951790154864477,
    "Lon": -0.06406276709949052,
    "L Th": -0.04745756147965931,
    "Mar": -0.13837163445307554,
    "Pas": -0.05997708725840903,
    "Pen": -0.05768416843896177,
    "Tck": -0.1141633133119027,
    "Tec": -0.01643548248277297,
    "Aer": 0.007333389025534069,
    "Cmd": 0.0608079465464416,
    "Com": -0.06265738690526235,
    "Ecc": -0.044420729908328994,
    "Han": -0.03363140775159056,
    "Kic": 0.03484117427859449,
    "1v1": -0.016338289411976813,
    "Pun": 0.10957683329352019,
    "Ref": 0.03521752548503886,
    "TRO": 0.04961516397491539,
    "Thr": 0.0954780845171953
}