{
    "Jum": 0.3203344669958757,
    "Str": 0.30097075944665125,
    "Cons": 0.29088416386038435,
    "Fre": 0.28292554597035735,
    "Pas": 0.25333550206318245,
    "Cro": 0.2381820713145664,
    "Wor": 0.23664096642607477,
    "Cnt": 0.22300277663712473,
    "Hea": 0.21531579920510005,
    "Tea": 0.19885905688240496,
    "Vers": 0.18845019488415685,
    "Cor": 0.1802838224517354,
    "Lon": 0.17525148843988056,
    "Vis": 0.17231746805689485,
    "Ant": 0.16362743393632923,
    "Pos": 0.15332720417966889,
    "Tck": 0.15288648147666126,
    "Han": 0.1512698539369125,
    "Bal": 0.15002287773623083,
    "Mar": 0.149617635110195,
    "Sta": 0.14870323125556056,
    "Prof": -0.14646509410358965
}