{
    "Sta": 0.33113583051428747,
    "Vis": 0.32349952415457134,
    "Tea": 0.3077840744808023,
    "Lon": 0.29090106675426985,
    "Str": 0.28882925369294793,
    "Cons": 0.2883649728869716,
    "Cro": 0.27270276371521984,
    "Ant": 0.2723669931204545,
    "Pen": 0.272154789594673,
    "Bal": 0.27091609365016084,
    "Tec": 0.2664148345776729,
    "Pas": 0.2585023060202543,
    "Cnt": 0.2527261622782065,
    "Dri": 0.25207945390661995,
    "Cmp": 0.24758442008005255,
    "Cor": 0.23621418434564675,
    "Fin": 0.22887485851764536,
    "Fre": 0.22336725807138477,
    "Wor": 0.21860536102146924,
    "Fir": 0.21319573495371857,
    "Bra": 0.21023750468949073,
    "Agi": 0.2065873638340663,
    "Imp M": 0.20569267588673706,
    "Prof": 0.20369293730297186,
    "OtB": 0.20219665884325955,
    "Fla": 0.19919516545134106,
    "Pos": 0.19759031108438344,
    "Pac": 0.19008067080659843,
    "Amb": 0.18744437545137174
}