{
    "Cmp": -0.36642176325668746,
    "1v1": -0.3477051287072172,
    "Pas": -0.33956811195338693,
    "Thr": -0.31763103702639106,
    "Aer": -0.3061545132224305,
    "Kic": -0.27839323167596003,
    "Str": -0.2607903506359067,
    "Ant": -0.25496186311220775,
    "Pos": -0.23905040919129752,
    "Jum": -0.22280238039795336,
    "Det": -0.22132399765023983,
    "Fir": -0.2184774218870617,
    "Pac": -0.2129545151900969,
    "Wor": -0.20975725201893164,
    "Sta": -0.19593352681384696,
    "Hea": -0.1912481601555227,
    "Cnt": -0.18575256398506887,
    "Acc": -0.18249850761530206,
    "Ref": -0.1749606140194651,
    "Tec": -0.17011646146141676,
    "Dec": -0.16387281150259103,
    "Bra": -0.1606913236871137,
    "Cmd": -0.1492165418388203,
    "Bal": -0.13138301830046997,
    "Ldr": -0.12614675647625528,
    "Ecc": -0.1062450773828581,
    "Tea": -0.09716409603455335,
    "Com": -0.09706587914629988,
    "Fla": -0.09300187286494994,
    "Vis": -0.07935160913120243,
    "Han": -0.07629944645534197,
    "Agi": -0.06508636647965431,
    "Lon": -0.0595514283994622,
    "OtB": -0.050766815763518026,
    "Dri": -0.04263922999970158,
    "L Th": -0.03652854427312453,
    "TRO": -0.008941538641759214,
    "Pen": -0.008768961777680856,
    "Fin": -0.0011852239458453263,
    "Cro": 0.003809050757422964,
    "Agg": 0.005998508043261258,
    "Nat": 0.014023880810983186,
    "Pun": 0.021038471525452945,
    "Fre": 0.03540663588962809,
    "Cor": 0.03951183330865871,
    "Mar": 0.04526690039405613,
    "Tck": 0.07687429933433397
}