{
    "Pun": 0.04145734282656334,
    "Agg": -0.004827704200486031,
    "Tck": -0.013514139070840151,
    "Mar": -0.01613272415436837,
    "Cro": -0.02376894225882258,
    "Fin": -0.02571859876438966,
    "Dri": -0.03526854349727357,
    "Lon": -0.04717467272485114,
    "TRO": -0.051727520290684434,
    "L Th": -0.07436842904580152,
    "Ldr": -0.08052418012858784,
    "Cor": -0.08438563295277976,
    "Fre": -0.09185861567131182,
    "Pen": -0.09209072001267787,
    "Fla": -0.10616830678689397,
    "OtB": -0.10704883370605073,
    "Det": -0.14377962003059644,
    "Tea": -0.14395226864630997,
    "Ecc": -0.14887333124584576,
    "Nat": -0.14895950329637084,
    "Agi": -0.1829798671365354,
    "Hea": -0.18668156455270868,
    "Bra": -0.19086993829240056,
    "Acc": -0.19297538196271283,
    "Pac": -0.19556364143312366,
    "Wor": -0.20754863352920083,
    "Ref": -0.20954220267463564,
    "Vis": -0.21412985409096358,
    "Bal": -0.23164048217570105,
    "Jum": -0.23461172085938514,
    "Dec": -0.235669889663996,
    "Han": -0.23735919076394493,
    "Tec": -0.24208278808900302,
    "Cnt": -0.24614828892087937,
    "Sta": -0.26080233085084475,
    "Com": -0.2666861093071536,
    "Fir": -0.27700014241141035,
    "Cmd": -0.2771004910097041,
    "Aer": -0.2815692562211039,
    "Kic": -0.29633877586150315,
    "Str": -0.3075912779507156,
    "Pos": -0.3120672683052926,
    "1v1": -0.3205792256988798,
    "Ant": -0.3263138771836015,
    "Thr": -0.3292971961715993,
    "Pas": -0.3298845372550563,
    "Cmp": -0.3558293626028556
}