{
    "Acc": 0.33188977074612613,
    "Pac": 0.24977312096494167,
    "Dri": 0.24864112531977686,
    "Fla": 0.24488322518534195,
    "Cro": 0.1996140889238123,
    "Det": 0.13512369308700456,
    "Kic": 0.13379631538666556,
    "Agi": 0.13125231850435135,
    "OtB": 0.13120571734468392,
    "Lon": 0.10770425978771474,
    "Bal": 0.09371378644223302,
    "Cor": 0.09320581647806996,
    "Wor": 0.0929444492657097,
    "1v1": 0.07762263249130498,
    "Cmd": 0.04976114468841525,
    "Fir": 0.04211136798856691,
    "Bra": 0.04010890954816755,
    "L Th": 0.03512660975599304,
    "Vis": 0.03458558839961623,
    "Tec": 0.028149189294182263,
    "Pas": 0.013810573725158447,
    "Fre": 0.0021932068022277834,
    "Ref": -0.0071634643127118985,
    "Fin": -0.012820483223754682,
    "Sta": -0.020807267385949048,
    "Aer": -0.020945764475431613,
    "Pen": -0.021853083803868557,
    "Ldr": -0.02858116755811197,
    "Pun": -0.031142843302748562,
    "Ant": -0.041275035208023385,
    "Cnt": -0.06262193488244305,
    "Com": -0.06323759850996406,
    "Thr": -0.06540430319673284,
    "Han": -0.06897592459423078,
    "Agg": -0.07002597521018815,
    "Nat": -0.07050944806419697,
    "Tea": -0.08263196470647916,
    "Tck": -0.08400885477206312,
    "Cmp": -0.09661341368487882,
    "Mar": -0.11582016949551854,
    "TRO": -0.1189197893752851,
    "Str": -0.11907769358155393,
    "Pos": -0.12087409537504902,
    "Ecc": -0.13174591116631873,
    "Dec": -0.14032025816606652,
    "Hea": -0.15828721023781478,
    "Jum": -0.2085096198973071
}