{
    "Cons": 0.43282946517094306,
    "Vers": 0.27926377265311214,
    "Com": 0.26966497674157147,
    "Thr": 0.2516506346297552,
    "Ecc": 0.2169815329335284,
    "Kic": 0.18448807853758276,
    "Temp": 0.1345388176721725,
    "Fin": 0.1322175098599281,
    "Ref": 0.10366638274896059,
    "Fir": 0.09738584491166688,
    "OtB": 0.09469383871708793,
    "Cor": 0.08166446371191043,
    "Cmd": 0.05679743808437992,
    "TRO": 0.05426824459788061,
    "Dri": 0.04883424828844461,
    "Cro": 0.036477468614141195,
    "Ant": 0.020140274436223064,
    "Nat": 0.012548807010518678,
    "Pen": 0.011933752895324418,
    "Vis": 0.009676208639802463,
    "Dec": 0.009370184682170187,
    "Bal": 0.009081635188389323,
    "Dirt": 0.008262344779750616,
    "Pos": -0.024437493327645603,
    "Han": -0.031143520051077667,
    "Det": -0.03691713258402834,
    "Cnt": -0.040773189422118175,
    "Bra": -0.04332914607779342,
    "Mar": -0.04520814413533851,
    "Agi": -0.04774668967845121,
    "Pun": -0.0770071672141115,
    "Fre": -0.07880493515838581,
    "1v1": -0.08176883386944048,
    "Acc": -0.08504740571985223,
    "Agg": -0.08518195752612456,
    "Hea": -0.09897257548668102,
    "Wor": -0.1047831922421688,
    "Ldr": -0.10600884516496656,
    "Tea": -0.10693251962662942,
    "Pas": -0.11912371633443475,
    "Str": -0.1280967470078586,
    "Fla": -0.13183512337096803,
    "L Th": -0.13581466005228526,
    "Pac": -0.15600447421465774,
    "Cmp": -0.17887269620618926,
    "Lon": -0.17915092206166083,
    "Tec": -0.1892629712439775,
    "Cont": -0.19201030790113674,
    "Tck": -0.1974212961672406,
    "Amb": -0.1989497847429539,
    "Inj Pr": -0.20843506292950914,
    "Spor": -0.23340635837558632,
    "Jum": -0.25417256498903573,
    "Sta": -0.28878840283944274,
    "Prof": -0.3764662282933822,
    "Imp M": -0.4032765238296359,
    "Aer": -0.45255665292618263
}