{
    "OtB": 0.38903607273178054,
    "Dri": 0.36769451099098155,
    "Fin": 0.3274882717041032,
    "Wor": 0.32455965457129504,
    "Cmp": 0.3226127773657762,
    "Cro": 0.31239709023597745,
    "Ant": 0.29513062565796927,
    "Fla": 0.2947705965486575,
    "Sta": 0.28386069222025573,
    "Hea": 0.273325474341092,
    "Fir": 0.2726037644914513,
    "Tec": 0.2725362937901417,
    "Pen": 0.25972149689524,
    "Lon": 0.2565008260345519,
    "Vis": 0.23415177146486918,
    "Mar": 0.21795989457645795,
    "Tea": 0.21162241489312142,
    "Cor": 0.19499978578460747,
    "Tck": 0.18492358935348086,
    "Bal": 0.1820278818951162,
    "Str": 0.17709859516300525,
    "L Th": 0.171367090976198,
    "Pas": 0.14566426467120108,
    "Cnt": 0.1448102878813819,
    "Fre": 0.12883265850331918,
    "Det": 0.09129854511721124,
    "Pac": 0.07738347367458956,
    "Agi": 0.06530173477554091,
    "Bra": 0.05410467001269715,
    "Acc": 0.05230261772820733,
    "Agg": 0.040765527017048046,
    "Ldr": 0.031032158981815924,
    "Pos": 0.019331653730338034,
    "Jum": 0.007204518568843603,
    "Nat": 0.004695031663611592,
    "Dec": -0.022167602550841613,
    "Ecc": -0.22400326739327542,
    "Thr": -0.23684110020654842,
    "Kic": -0.27913825255695973,
    "1v1": -0.27919409823931657,
    "Com": -0.28122965757744467,
    "Pun": -0.295617791902692,
    "TRO": -0.30224788313475714,
    "Han": -0.30277115070829386,
    "Aer": -0.30852676901363163,
    "Cmd": -0.30866059351747743,
    "Ref": -0.332416375189657
}