{
    "Cons": 0.28607716000703703,
    "Cmp": 0.24386940700600368,
    "1v1": 0.23908225231987387,
    "Ref": 0.23715564688055216,
    "Ant": 0.22736061665093316,
    "Cnt": 0.22430773363551668,
    "Com": 0.21149098061450472,
    "Imp M": 0.21137033971273844,
    "Pos": 0.20753002834056172,
    "Tea": 0.19702151952708466,
    "Sta": 0.19456920710341014,
    "Bal": 0.19027443900857013,
    "Cmd": 0.18285288652531598,
    "Prof": 0.17824412898690734,
    "Thr": 0.1766759249560433,
    "Str": 0.17306102666396475,
    "Wor": 0.16356128683044524,
    "Han": 0.1582280124137991,
    "Agi": 0.150926760430002,
    "Ldr": 0.15085180789090638,
    "Tec": 0.15046826224643095,
    "Fir": 0.14585674705391063,
    "Spor": 0.13576198215082144,
    "TRO": 0.13400619730308014,
    "Hea": 0.12879013374687628,
    "Vis": 0.12833130308855106,
    "Amb": 0.12221936096584388,
    "Jum": 0.1153576362681767,
    "Det": 0.11248647667155494,
    "Pas": 0.10785703382932428,
    "Nat": 0.10668447522828534,
    "Aer": 0.10540385618601268,
    "Bra": 0.10505331687313037,
    "Kic": 0.10181720576109475,
    "Ecc": 0.09478056350891248,
    "Fla": 0.09123510273123464,
    "Vers": 0.08379873140594436,
    "Pen": 0.07688673427749744,
    "Dec": 0.07392579041319228,
    "Dirt": -0.07392220491652103
}