{
    "Acc": -0.01821773699461257,
    "Agi": -0.028105160325363872,
    "Bal": -0.00867188938549584,
    "Jum": -0.01746426523226157,
    "Nat": -0.040556185734482934,
    "Pac": -0.05064042748320971,
    "Sta": -0.0441049606175358,
    "Str": -0.05582205295432039,
    "Agg": -0.04988806174905277,
    "Ant": -0.10031820183692174,
    "Bra": -0.06672319529384141,
    "Cmp": -0.06970963082007453,
    "Cnt": -0.10563717887834354,
    "Dec": -0.06269519686507008,
    "Det": 0.015673917383331674,
    "Fla": -0.09621878953862117,
    "Ldr": -0.09158975699258903,
    "OtB": -0.0799434964579105,
    "Pos": -0.09747273578378046,
    "Tea": -0.02383365341148644,
    "Vis": -0.07149542214656984,
    "Wor": -0.08922083190894319,
    "Cor": -0.07937147715896241,
    "Cro": -0.11264917727607335,
    "Dri": -0.05777924484431121,
    "Fin": -0.09616473900057325,
    "Fir": -0.08800217979217308,
    "Fre": -0.05629091630601307,
    "Hea": -0.0625841296297968,
    "Lon": -0.10195284087020773,
    "L Th": -0.1008503281357689,
    "Mar": -0.11377288316123944,
    "Pas": -0.0612235794089768,
    "Pen": -0.05385364942384238,
    "Tck": -0.11896290992629471,
    "Tec": -0.06848234650749314,
    "Aer": -0.005130525709311581,
    "Cmd": -0.03353841549069736,
    "Com": 0.02704753405911943,
    "Ecc": 0.04407650354800493,
    "Han": 0.052319225690395155,
    "Kic": -0.05940311385906665,
    "1v1": 0.04805637794418524,
    "Pun": -0.007711121624620573,
    "Ref": 0.019959118485892668,
    "TRO": -0.009317381352468894,
    "Thr": -0.019779646250640368
}