{
    "Acc": 0.10691012368453186,
    "Agi": 0.05882663541183631,
    "Bal": 0.024857971904350917,
    "Jum": 0.10488129081112295,
    "Nat": 0.07762877152728354,
    "Pac": 0.12786701328820116,
    "Sta": 0.11451572541580596,
    "Str": 0.22300103867352306,
    "Agg": -0.012191009076103728,
    "Ant": 0.10266635780714731,
    "Bra": 0.02513375527169864,
    "Cmp": 0.09522525240762333,
    "Cnt": 0.12607982411202157,
    "Dec": 0.08620843415336481,
    "Det": 0.0538730974095858,
    "Fla": 0.0690731943250082,
    "Ldr": 0.06898766841253687,
    "OtB": 0.04627772294639917,
    "Pos": 0.12179637901655922,
    "Tea": 0.015775745629868804,
    "Vis": 0.0663591607110893,
    "Wor": 0.03980480687390749,
    "Cor": -0.05598055014725259,
    "Cro": 0.028447654457634565,
    "Dri": 0.06538765202241728,
    "Fin": 0.0730200545221261,
    "Fir": 0.08066757202566714,
    "Fre": -0.07626926954009773,
    "Hea": 0.19583386100364644,
    "Lon": 0.02568990777908764,
    "L Th": 0.01243278283870572,
    "Mar": 0.1378409921066929,
    "Pas": 0.0879875979051775,
    "Pen": -0.04205230506160582,
    "Tck": 0.0838877849818646,
    "Tec": 0.04031399362323259,
    "Aer": 0.04092620104728787,
    "Cmd": -0.037536456023060674,
    "Com": -0.030242185768407325,
    "Ecc": 0.049194445050720584,
    "Han": 0.007471376869328765,
    "Kic": 0.0033143817921010925,
    "1v1": -0.06285547296852301,
    "Pun": 0.05876657232784264,
    "Ref": 0.04997017471227001,
    "TRO": -0.016503038067215342,
    "Thr": -0.04537579407623625
}