{
    "Pos": 0.09645479436483119,
    "Fre": -0.09378489025220776,
    "Fla": -0.13065375338790003
}