{
    "Cons": 0.2746915605531611,
    "Cor": 0.23860741827980045,
    "Str": 0.17264461035797404,
    "Pas": 0.1681662952474954,
    "Vers": 0.16490433443646643,
    "Bal": 0.16184923424135036,
    "Ant": 0.1605250973622768,
    "Sta": 0.16035939676558816,
    "Fre": 0.15661750205721772,
    "TRO": 0.1512542047623365,
    "OtB": 0.14960420441989664,
    "Hea": 0.14787943841776846,
    "Jum": 0.14459536357046232,
    "Cro": 0.13835841603766547,
    "Dri": 0.1377810385108987,
    "Dec": 0.13329334087651137,
    "Cmd": 0.12957631300313857,
    "Wor": 0.12628856339547753,
    "Tec": 0.12489832107552308,
    "Bra": 0.099384076115917,
    "Tck": 0.09886447956430945,
    "Tea": 0.09851878886887493,
    "L Th": 0.09426415149304773,
    "Vis": 0.09235079087770381,
    "Cnt": 0.0921109122732726,
    "Pen": 0.09104016225702435,
    "1v1": 0.08701431916999432,
    "Agg": 0.07958435798230575,
    "Fin": 0.07896083273145861,
    "Cmp": 0.0600193870576954,
    "Fir": 0.05625535535992728,
    "Pun": 0.0535376905273054,
    "Inj Pr": 0.05027026123140635,
    "Aer": 0.04897886470786294,
    "Dirt": 0.04863349009728391,
    "Ldr": 0.037828986032011715,
    "Fla": 0.03479743927536145,
    "Temp": 0.028595048927504186,
    "Spor": 0.025932448834900923,
    "Pos": 0.017633150070999075,
    "Lon": 0.016165185673841495,
    "Amb": 0.015245436649961794,
    "Pac": 0.011883090917524396,
    "Prof": 0.0019781921056816277,
    "Com": -0.005277361704893947,
    "Ecc": -0.007004430497111572,
    "Cont": -0.016520948862030278,
    "Kic": -0.021095540681470983,
    "Mar": -0.03246461846841132,
    "Nat": -0.04091195455447405,
    "Det": -0.043728381145217085,
    "Agi": -0.04846034760909359,
    "Han": -0.05542451774601118,
    "Acc": -0.10500931214544733,
    "Imp M": -0.11910425477526561,
    "Thr": -0.12712684370571337,
    "Ref": -0.12897526574346516
}