{
    "Acc": 0.26916562738237454,
    "Agi": 0.33069870606818896,
    "Bal": 0.36823451930475004,
    "Jum": 0.07791696245735383,
    "Nat": 0.21702074974223612,
    "Pac": 0.2946571014425544,
    "Sta": 0.36764494707926587,
    "Str": 0.21972667770996368,
    "Agg": 0.1219354030912437,
    "Ant": 0.4019939977173169,
    "Bra": 0.20814129704729328,
    "Cmp": 0.3708624594560041,
    "Cnt": 0.33207872089982465,
    "Dec": 0.32878759335754326,
    "Det": 0.25085441550640314,
    "Fla": 0.29359616760001095,
    "Ldr": 0.19652927437638917,
    "OtB": 0.3805933813620778,
    "Pos": 0.3003581054698191,
    "Tea": 0.25604762065912656,
    "Vis": 0.42282791462865293,
    "Wor": 0.2693692358515911,
    "Cor": 0.17167198135635228,
    "Cro": 0.3045812576048416,
    "Dri": 0.38604345271676405,
    "Fin": 0.3457556497941247,
    "Fir": 0.3850232721833752,
    "Fre": 0.17821981154224323,
    "Hea": 0.2785483760359338,
    "Lon": 0.3153601936764071,
    "L Th": 0.13797312026776629,
    "Mar": 0.30427516884382344,
    "Pas": 0.43542936775350183,
    "Pen": 0.28269026645689355,
    "Tck": 0.25941821153639993,
    "Tec": 0.38047285316664015,
    "Aer": -0.005982751855793986,
    "Cmd": 0.046984204881373955,
    "Com": 0.07297546560206555,
    "Ecc": 0.10750158788555028,
    "Han": 0.013646251837857106,
    "Kic": -0.05357461735339635,
    "1v1": 0.007532749639787606,
    "Pun": 0.12676091419809915,
    "Ref": -0.013533641271754271,
    "TRO": 0.010077387057996847,
    "Thr": -0.007547493077950259
}