{
    "Cons": 0.2289877150450034,
    "Vis": 0.15876977572066747,
    "Cor": 0.1490155510093893,
    "Cro": 0.14537712657299062,
    "OtB": 0.14276689448895968,
    "Pen": 0.13218785883593911,
    "Ant": 0.13199727879793482,
    "Imp M": 0.12770792986924104,
    "Bra": 0.127092972405797,
    "Tec": 0.11982731201549522,
    "Tea": 0.1179689209499957,
    "Lon": 0.11592449580106047,
    "Cnt": 0.11500058667417536,
    "Fla": 0.11246606198116348,
    "Wor": 0.10796981802313158,
    "Vers": 0.10549052459825847,
    "Bal": 0.10103035353509697,
    "Fre": 0.09881514857096182,
    "Cont": 0.09880739522182877,
    "Sta": 0.09435463521205992,
    "Dri": 0.09131613223802734,
    "Fir": 0.08443243527093856,
    "Pas": 0.08440265542133181,
    "Cmp": 0.08369959344702037,
    "Ldr": 0.07847657183131429,
    "Pos": 0.07457503072591229,
    "Dec": 0.06947074102455938,
    "Str": 0.06628241534460232,
    "Aer": 0.06351003487234562,
    "Det": 0.06163026742485151,
    "Fin": 0.05874869434218893,
    "Nat": 0.058272921723448015,
    "Hea": 0.05725565193207345,
    "Tck": 0.056868579602645235,
    "Pac": 0.05635836659194726,
    "Temp": -0.06073958226733337
}