{
    "Fla": 0.3817421467503327,
    "Dri": 0.36967009809980655,
    "Acc": 0.35005027706176367,
    "Pac": 0.34243223646751353,
    "Cmd": 0.27164040717605176,
    "Agg": 0.24335771449599683,
    "Cro": 0.17626049398999183,
    "Agi": 0.16475882522760665,
    "Sta": 0.13862216051805062,
    "Ldr": 0.09834833877813755,
    "Pos": 0.08368422963319987,
    "Tec": 0.07318920324311362,
    "Han": 0.07288593989794513,
    "Fir": 0.044946224743915277,
    "Pun": 0.04226473066846996,
    "Pas": 0.024520454782556024,
    "L Th": 0.023866586976411416,
    "Tea": 0.019768703447100446,
    "TRO": 0.00897150903277207,
    "OtB": 0.007791560271688746,
    "Wor": 0.0032720895796419817,
    "Aer": 0.003122875128445143,
    "Nat": -0.005022065351625417,
    "1v1": -0.017548055837000805,
    "Fre": -0.04541353174018835,
    "Cnt": -0.05086790645337757,
    "Tck": -0.06277940198601592,
    "Mar": -0.06528927224644025,
    "Kic": -0.07467697325984417,
    "Dec": -0.07701106693949075,
    "Cor": -0.0888447516234468,
    "Ref": -0.09042347214950891,
    "Com": -0.09231916945943348,
    "Bal": -0.10813728626220331,
    "Vis": -0.11054701687895131,
    "Bra": -0.13366746866778392,
    "Ecc": -0.15252084990029932,
    "Lon": -0.16983390577232912,
    "Det": -0.1783927465723186,
    "Str": -0.18517478070626028,
    "Cmp": -0.2040133112744573,
    "Pen": -0.20949632661707224,
    "Fin": -0.2104631219262969,
    "Thr": -0.21140576824278626,
    "Jum": -0.23515083670579068,
    "Ant": -0.2746626366913035,
    "Hea": -0.32181486640532503
}