{
    "Acc": -0.12875556879714023,
    "Agi": -0.08311339075003714,
    "Bal": -0.11965437281063705,
    "Jum": -0.02192015454667226,
    "Nat": 0.03910897995116634,
    "Pac": -0.08052879466752369,
    "Sta": -0.04818943517137925,
    "Str": -0.07807305461648271,
    "Agg": 0.013969142362115227,
    "Ant": -0.10313757015378623,
    "Bra": -0.006294726183188741,
    "Cmp": -0.1347417473520946,
    "Cnt": -0.06690225684511476,
    "Dec": -0.12197750505802425,
    "Det": 0.01716730337814047,
    "Fla": -0.13736715984762782,
    "Ldr": 0.04559344612607957,
    "OtB": -0.11167487835148551,
    "Pos": -0.09642117679774073,
    "Tea": -0.056273240995107915,
    "Vis": -0.13667937601077795,
    "Wor": -0.050006647484282504,
    "Cor": -0.14967990097928893,
    "Cro": -0.07307016403990031,
    "Dri": -0.1016538844351785,
    "Fin": -0.14728433455789341,
    "Fir": -0.1299447446492237,
    "Fre": -0.10908789284257375,
    "Hea": -0.05705889363066239,
    "Lon": -0.0820886946150204,
    "L Th": -0.07215969235170344,
    "Mar": -0.03689669877924834,
    "Pas": -0.13201558618115716,
    "Pen": -0.060482480858496536,
    "Tck": 0.01519944843470887,
    "Tec": -0.11479693773558902,
    "Aer": 0.0482463632093608,
    "Cmd": 0.02486911119730686,
    "Com": -0.06218719144673832,
    "Ecc": 0.007561478932965144,
    "Han": -0.012575744827650562,
    "Kic": -0.02994517636397003,
    "1v1": 0.017392534800491022,
    "Pun": -0.002614158885340317,
    "Ref": 0.03987468798040379,
    "TRO": -0.02218436942557825,
    "Thr": -0.018944585270342176
}