{
    "Cons": 0.28238943084872864,
    "Pac": 0.2548794208870632,
    "Prof": 0.23909433744784755,
    "Vers": 0.2227615159784535,
    "Fla": 0.21789622281551196
}