{
    "Cons": 0.3751073531131136,
    "Cnt": 0.2552536281203262,
    "Sta": 0.24362345942894104,
    "Vis": 0.22104477930529007,
    "Str": 0.21411034690347538,
    "Ant": 0.21060767000678152,
    "Dec": 0.2094585447998823,
    "Bra": 0.19469740292048013,
    "Pos": 0.18253489601909306,
    "Pas": 0.177648380809226,
    "OtB": 0.17713127962463643,
    "Tea": 0.17594990136951777,
    "Tec": 0.1741850469913299,
    "Cmp": 0.16657950869604826,
    "Imp M": 0.1658515314297597,
    "Bal": 0.16357147320123672,
    "Fin": 0.16292303638651223,
    "Fir": 0.15644262481502408,
    "Fla": 0.15603390733893066,
    "Dri": 0.15543386241093826,
    "Lon": 0.15319170072260865,
    "Cro": 0.15272896354922375,
    "Wor": 0.14260795612993535,
    "Fre": 0.14110855660671398,
    "Pen": 0.14053648170699065
}