{
    "Jum": 0.21404529976516604,
    "1v1": 0.21291203813168674,
    "Wor": 0.20394850797165917,
    "Thr": 0.2035922740008837,
    "Pas": 0.20275329473943637,
    "Tea": 0.1990219050712958,
    "Fir": 0.18848089727050735,
    "Agi": 0.17549110513615282,
    "Pos": 0.17073615382107393,
    "Tec": 0.16811986640581056,
    "Aer": 0.16513667464436718,
    "Bal": 0.15406381661166385,
    "Nat": 0.13137386052718802,
    "Str": 0.12865343201831483,
    "Ecc": 0.12346871696510944,
    "Mar": 0.12288386352675934,
    "Han": 0.12153425326633145,
    "Fla": 0.11727193872124272,
    "Sta": 0.1118389154533636,
    "Vis": 0.11147426334633788,
    "Cnt": 0.111024081036139,
    "TRO": 0.10915107829392832,
    "OtB": 0.10256906953355961,
    "Vers": 0.10144789314502135,
    "Com": 0.09711891913735562,
    "Kic": 0.09368770182961154,
    "Cmp": 0.09190294687610248,
    "Imp M": 0.08556364380700546,
    "Prof": 0.08050036982469361,
    "Amb": 0.07805302322816757,
    "Cmd": 0.07051450278103562,
    "Ref": 0.06537980234153114,
    "Fre": 0.06282821008565438,
    "Pun": 0.06148554135246922,
    "Dirt": 0.05683773056596596,
    "Ant": 0.05616213831671653,
    "Bra": 0.05393267300485143,
    "Pen": 0.051639897042943354,
    "Hea": 0.04847724058727954,
    "Fin": 0.04606146514704456,
    "Det": 0.039644754307826276,
    "Cor": 0.03127431373632824,
    "Agg": 0.022679860828699567,
    "Cons": 0.007824872377013807,
    "L Th": 0.006582968862322425,
    "Dri": 0.0018784000591691636,
    "Acc": -0.004379749224124609,
    "Cont": -0.007886516415204861,
    "Spor": -0.019717968225018798,
    "Inj Pr": -0.02188866816091475,
    "Cro": -0.027556791175923624,
    "Tck": -0.028127780953856724,
    "Pac": -0.038229476197150454,
    "Ldr": -0.052554678099847416,
    "Dec": -0.07198598850282788,
    "Lon": -0.09328774959834661,
    "Temp": -0.16216873158453626
}