{
    "Fin": 0.4823458721635544,
    "Pen": 0.33630664676713007,
    "OtB": 0.2627434689508745,
    "Fla": 0.2246742987686668,
    "Lon": 0.18461968473421767,
    "Acc": 0.11728320738097775,
    "Dri": 0.11002606875816168,
    "Jum": 0.09798405235037606,
    "Tec": 0.0888061074379137,
    "Fir": 0.08455413144853365,
    "Imp M": 0.06822330511681071,
    "Cont": 0.06344374499487224,
    "Agi": 0.0626282380588595,
    "Amb": 0.06045526453138051,
    "Pac": 0.05439827857077231,
    "Hea": 0.04874811260998069,
    "Ecc": 0.04541290855305674,
    "Cmp": 0.044576346817861615,
    "Com": 0.042514191727619256,
    "Bal": 0.03805107567576195,
    "Pun": 0.035624939198863025,
    "Str": 0.0334268824654738,
    "Fre": 0.03261502716001857,
    "Ant": 0.02905662299242071,
    "TRO": 0.02747208470766928,
    "Cons": 0.025244004749130047,
    "Aer": 0.0190538977045425,
    "Inj Pr": 0.01712166706394405,
    "Han": 0.012482966848810333,
    "1v1": 0.0009342775411916492,
    "Cmd": -0.0007833544214588473,
    "Cnt": -0.009288185386009933,
    "Kic": -0.011235812177360634,
    "Dec": -0.014002732465651816,
    "Spor": -0.017427365817309817,
    "Vis": -0.023786279187196516,
    "Agg": -0.024463527122555236,
    "Temp": -0.034016708047027,
    "Cro": -0.03690620154739171,
    "Sta": -0.04390280809546195,
    "Det": -0.04504171129462425,
    "Nat": -0.054309028763815805,
    "Ref": -0.05579761139927227,
    "Wor": -0.06502288685813111,
    "Dirt": -0.07494476743172956,
    "Prof": -0.0765768224074652,
    "Cor": -0.07739303659277301,
    "Thr": -0.07937457673916244,
    "Tea": -0.08390267686921506,
    "Bra": -0.10174001511958722,
    "Pas": -0.11544542874512198,
    "Vers": -0.17969887805922002,
    "Ldr": -0.18453838435910438,
    "L Th": -0.24951669748635497,
    "Pos": -0.38352584001832457,
    "Mar": -0.49063286443468695,
    "Tck": -0.4913426401706327
}