{
    "Pac": 0.23926338824757057,
    "Acc": 0.2391909161175777,
    "Dri": 0.17863083075517505,
    "Agi": 0.17811736873347067,
    "OtB": 0.11073387125239487,
    "Pun": 0.09366106289788094,
    "Kic": 0.0927024415028447,
    "Bal": 0.09011377968031363,
    "Tec": 0.08961171228663992,
    "Ref": 0.08701169092262263,
    "Han": 0.07875133740915051,
    "Sta": 0.07374137753855599,
    "Agg": 0.06880982232901461,
    "Fla": 0.04805458687170809,
    "Nat": 0.03073167235063944,
    "Ant": 0.029994297481525798,
    "Fin": 0.02209996742775599,
    "Wor": 0.01959145100849016,
    "Fir": 0.01446468478189435,
    "TRO": 0.010648110268341608,
    "Jum": 0.007152133351370668,
    "Dec": 0.00021843025904452827,
    "Thr": -0.0017980924505172087,
    "Hea": -0.00478252628648218,
    "Det": -0.007101646208730738,
    "Ecc": -0.008916851486643477,
    "Cmd": -0.01638659737730655,
    "Cro": -0.020017181909000575,
    "Cmp": -0.027408688238539,
    "Vis": -0.029794088654939443,
    "Com": -0.030501105114951205,
    "Cnt": -0.034114269514819225,
    "Bra": -0.036018670816765845,
    "Pas": -0.03902668050638385,
    "Cor": -0.04178025568145808,
    "Fre": -0.06884761005823116,
    "Str": -0.07164261985476189,
    "Pen": -0.08076511134269151,
    "Aer": -0.08091292116595698,
    "Tck": -0.09293549117133638,
    "Lon": -0.09555132526991829,
    "Mar": -0.09683226296954678,
    "Pos": -0.10113656375763559,
    "1v1": -0.10320243653825037,
    "Ldr": -0.11353393839908338,
    "Tea": -0.1261218271055923,
    "L Th": -0.1393037016624532
}