{
    "Vers": 0.49359135043000163,
    "Cor": 0.47003047002208675,
    "Mar": 0.2465851133231902,
    "Pac": 0.23183189053197323,
    "L Th": 0.19512952177453588,
    "Jum": 0.19408026854520022,
    "Ant": 0.1857499748301735,
    "Pos": 0.18198407771340827,
    "Cons": 0.17812005905780626,
    "Fre": 0.17422721890613135,
    "Ref": 0.1672479755679817,
    "Tck": 0.16267542240552627,
    "Han": 0.15214008541070365,
    "Acc": 0.1513645118769624,
    "Pas": 0.14794459814778457,
    "Lon": 0.14164206415287545,
    "Tea": 0.13135535077906146,
    "Bra": 0.1256384796383517,
    "Cro": 0.11552241987952469,
    "Agg": 0.11353739367938477,
    "Str": 0.09504826272662857,
    "Dec": 0.08917586278318869,
    "Imp M": 0.08881292872430813,
    "Hea": 0.08241030929505681,
    "Tec": 0.07206615076888895,
    "Det": 0.06996639273934396,
    "1v1": 0.06567704134992779,
    "Fir": 0.056856350211045834,
    "Com": 0.05568841469176428,
    "Wor": 0.054240998196845656,
    "Cnt": 0.05195827195452886,
    "Cmd": 0.05140019152264705,
    "Pun": 0.051016268389487,
    "Amb": 0.0462405556881597,
    "Dri": 0.04498772987243053,
    "Sta": 0.04400401277128939,
    "Vis": 0.03905768662496885,
    "TRO": 0.0318463284175085,
    "Prof": 0.023666316200585947,
    "Bal": 0.019189276453498508,
    "Ldr": 0.013342600996140378,
    "Agi": 0.008395352463437736,
    "Cmp": -0.0015672135453733374,
    "Aer": -0.01651605811170442,
    "OtB": -0.02579679422605546,
    "Temp": -0.057058835325115596,
    "Fla": -0.06832225797960625,
    "Nat": -0.08926266457922115,
    "Inj Pr": -0.12456794252929188,
    "Kic": -0.13043339996011755,
    "Dirt": -0.13163404324022,
    "Pen": -0.1398490132641192,
    "Ecc": -0.15596128324935848,
    "Fin": -0.16193222500856108,
    "Cont": -0.18817718939552983,
    "Thr": -0.252015808410845,
    "Spor": -0.28096181507146933
}