{
    "Acc": 0.37604064967962814,
    "Agi": 0.3694695039520544,
    "Bal": 0.3499459820349029,
    "Jum": 0.07114523281318993,
    "Nat": 0.23385988924627504,
    "Pac": 0.34971185042239805,
    "Sta": 0.37959984896906246,
    "Str": 0.3727792003857889,
    "Agg": 0.012796042308451303,
    "Ant": 0.3415354623112414,
    "Bra": 0.15058721036415626,
    "Cmp": 0.3890183919491005,
    "Cnt": 0.32990075325990004,
    "Dec": 0.31346329589576283,
    "Det": 0.2833193575508542,
    "Fla": 0.22171466797976375,
    "Ldr": 0.0888448683525327,
    "OtB": 0.3237283229459603,
    "Pos": 0.2448260503953222,
    "Tea": 0.21863827630957916,
    "Vis": 0.3314796112733429,
    "Wor": 0.2791416877193251,
    "Cor": 0.16027758296064262,
    "Cro": 0.2661363222937834,
    "Dri": 0.37656863452522676,
    "Fin": 0.28953809469636504,
    "Fir": 0.32120652146581596,
    "Fre": 0.15114920642276,
    "Hea": 0.25691089820286583,
    "Lon": 0.2778418817968012,
    "L Th": 0.14985589765647336,
    "Mar": 0.267580338838074,
    "Pas": 0.3584102244052424,
    "Pen": 0.20483377781962517,
    "Tck": 0.2884882606598981,
    "Tec": 0.3354397932647005,
    "Aer": 0.013046540086070047,
    "Cmd": 0.0021288279186757186,
    "Com": -0.06687281644596466,
    "Ecc": 0.0024951921084946493,
    "Han": 0.02275309686317321,
    "Kic": -0.059452902446642995,
    "1v1": 0.09045998503212722,
    "Pun": -0.007144569700839001,
    "Ref": 0.033381277646472675,
    "TRO": 0.1016770763953501,
    "Thr": -0.020344895281764017
}