{
    "Imp M": 0.25377121149737747,
    "Agg": 0.22082014443815245,
    "Ant": 0.17352988976720346,
    "Fin": 0.16794945475674694,
    "Nat": 0.15633798758666087,
    "Thr": 0.14335906815761612,
    "Cons": 0.13956663165155425,
    "Dec": 0.13344307878200345,
    "Wor": 0.10555649166118325,
    "Pen": 0.09504019057386909,
    "Bra": 0.09040128869108058,
    "Det": 0.08744013463751187,
    "Aer": 0.07788909068894309,
    "Temp": 0.0749416472235368,
    "Bal": 0.07297861749409965,
    "Kic": 0.07151779492706634,
    "TRO": 0.04281372576441236,
    "Com": 0.02970580500993874,
    "Prof": 0.023149742981740207,
    "Jum": 0.020923871495320632,
    "Hea": 0.015456565759718247,
    "Tea": -0.0005982099047756069,
    "Cro": -0.0012061885883290174,
    "Dri": -0.00953492380988231,
    "L Th": -0.011442596304257036,
    "Inj Pr": -0.012163143794673804,
    "Pac": -0.016789312705461662,
    "Cont": -0.01843529758889091,
    "Fir": -0.02314095445314099,
    "Str": -0.026467490969077086,
    "Ref": -0.04609847471788772,
    "Sta": -0.051065626972239576,
    "Amb": -0.05466786433013535,
    "Han": -0.05574082984763384,
    "Dirt": -0.055946169789235306,
    "Ldr": -0.057713763112896325,
    "Agi": -0.06205137507513355,
    "Pas": -0.062217699437903805,
    "1v1": -0.07881340056970929,
    "Vis": -0.10663837956714306,
    "Cmp": -0.11717366271679264,
    "Acc": -0.11823471790917764,
    "Spor": -0.14124499176685762,
    "Fla": -0.16783122609672194,
    "Fre": -0.1734910900673983,
    "Tck": -0.17872496900803966,
    "Cnt": -0.2111921406418534,
    "Ecc": -0.21508387458613762,
    "Tec": -0.2212900121941497,
    "Cor": -0.23927672821699375,
    "OtB": -0.2626881656728953,
    "Lon": -0.30403890621039076,
    "Pos": -0.3235424194214329,
    "Mar": -0.32689883655824137,
    "Pun": -0.3457852574035764,
    "Cmd": -0.4001745794732929,
    "Vers": -0.40134322416149315
}